{"MAE": 3.961948717948777, "MSE": 18.1446874477322, "RMSE": 4.259658137425139, "R2": 0.9570257402553711}